{
  "content": [
    {
      "path": "de-DE.locPak",
      "size": 1,
      "date": 132400215225729553
    },
    {
      "path": "en-US.locPak",
      "size": 1,
      "date": 132400215225729553
    },
    {
      "path": "es-ES.locPak",
      "size": 1,
      "date": 132400215225729553
    },
    {
      "path": "fr-FR.locPak",
      "size": 1,
      "date": 132400215225729553
    },
    {
      "path": "it-IT.locPak",
      "size": 1,
      "date": 132400215225729553
    },
    {
      "path": "pl-PL.locPak",
      "size": 1,
      "date": 132400215225729553
    },
    {
      "path": "pt-BR.locPak",
      "size": 1,
      "date": 132400215225729553
    },
    {
      "path": "ru-RU.locPak",
      "size": 1,
      "date": 132400215225729553
    },
    {
      "path": "SimObjects/Airplanes/Asobo_CJ4/aircraft.cfg",
      "size": 1,
      "date": 132400215225729553
    },
    {
      "path": "SimObjects/Airplanes/Asobo_CJ4/MODEL.FLYFS1/model.cfg",
      "size": 1,
      "date": 132400215225729553
    },
    {
      "path": "SimObjects/Airplanes/Asobo_CJ4/TEXTURE.FLYFS1/CESSNA_CJ4_AIRFRAME_ENGINE_ALBD.PNG.DDS",
      "size": 1,
      "date": 132400215225729553
    },
    {
      "path": "SimObjects/Airplanes/Asobo_CJ4/TEXTURE.FLYFS1/CESSNA_CJ4_AIRFRAME_ENGINE_ALBD.PNG.DDS.json",
      "size": 1,
      "date": 132400215225729553
    },
    {
      "path": "SimObjects/Airplanes/Asobo_CJ4/TEXTURE.FLYFS1/CESSNA_CJ4_AIRFRAME_FRONTGEAR_ALBD.PNG.DDS",
      "size": 1,
      "date": 132400215225729553
    },
    {
      "path": "SimObjects/Airplanes/Asobo_CJ4/TEXTURE.FLYFS1/CESSNA_CJ4_AIRFRAME_FRONTGEAR_ALBD.PNG.DDS.json",
      "size": 1,
      "date": 132400215225729553
    },
    {
      "path": "SimObjects/Airplanes/Asobo_CJ4/TEXTURE.FLYFS1/CESSNA_CJ4_AIRFRAME_FUSELAGE_ALBD.PNG.DDS",
      "size": 1,
      "date": 132400215225729553
    },
    {
      "path": "SimObjects/Airplanes/Asobo_CJ4/TEXTURE.FLYFS1/CESSNA_CJ4_AIRFRAME_FUSELAGE_ALBD.PNG.DDS.json",
      "size": 1,
      "date": 132400215225729553
    },
    {
      "path": "SimObjects/Airplanes/Asobo_CJ4/TEXTURE.FLYFS1/CESSNA_CJ4_AIRFRAME_LIVERY_ALBD.PNG.DDS",
      "size": 1,
      "date": 132400215225729553
    },
    {
      "path": "SimObjects/Airplanes/Asobo_CJ4/TEXTURE.FLYFS1/CESSNA_CJ4_AIRFRAME_LIVERY_ALBD.PNG.DDS.json",
      "size": 1,
      "date": 132400215225729553
    },
    {
      "path": "SimObjects/Airplanes/Asobo_CJ4/TEXTURE.FLYFS1/CESSNA_CJ4_AIRFRAME_LOD6_ALBD.PNG.DDS",
      "size": 1,
      "date": 132400215225729553
    },
    {
      "path": "SimObjects/Airplanes/Asobo_CJ4/TEXTURE.FLYFS1/CESSNA_CJ4_AIRFRAME_LOD6_ALBD.PNG.DDS.json",
      "size": 1,
      "date": 132400215225729553
    },
    {
      "path": "SimObjects/Airplanes/Asobo_CJ4/TEXTURE.FLYFS1/CESSNA_CJ4_AIRFRAME_REARGEAR_ALBD.PNG.DDS",
      "size": 1,
      "date": 132400215225729553
    },
    {
      "path": "SimObjects/Airplanes/Asobo_CJ4/TEXTURE.FLYFS1/CESSNA_CJ4_AIRFRAME_REARGEAR_ALBD.PNG.DDS.json",
      "size": 1,
      "date": 132400215225729553
    },
    {
      "path": "SimObjects/Airplanes/Asobo_CJ4/TEXTURE.FLYFS1/CESSNA_CJ4_AIRFRAME_WING_ALBD.PNG.DDS",
      "size": 1,
      "date": 132400215225729553
    },
    {
      "path": "SimObjects/Airplanes/Asobo_CJ4/TEXTURE.FLYFS1/CESSNA_CJ4_AIRFRAME_WING_ALBD.PNG.DDS.json",
      "size": 1,
      "date": 132400215225729553
    },
    {
      "path": "SimObjects/Airplanes/Asobo_CJ4/TEXTURE.FLYFS1/texture.CFG",
      "size": 1,
      "date": 132400215225729553
    },
    {
      "path": "SimObjects/Airplanes/Asobo_CJ4/TEXTURE.FLYFS1/thumbnail.jpg",
      "size": 1,
      "date": 132400215225729553
    },
    {
      "path": "SimObjects/Airplanes/Asobo_CJ4/TEXTURE.FLYFS1/thumbnail_small.jpg",
      "size": 1,
      "date": 132400215225729553
    }
  ]
}